{
  "Barkskin": {
    "name": "Barkskin",
    "property": "FlatDR",
    "level": {
      "1": 0.01,
      "2": 0.02,
      "3": 0.03,
      "4": 0.04,
      "5": 0.05,
      "6": 0.06,
      "7": 0.07,
      "8": 0.08,
      "9": 0.09,
      "10": 0.1
    }
  },
  "Blood Bond": {
    "name": "Blood Bond",
    "property": "DMGKept",
    "level": {
      "1": -0.01,
      "2": -0.02,
      "3": -0.03,
      "4": -0.04,
      "5": -0.05,
      "6": -0.06,
      "7": -0.07,
      "8": -0.08,
      "9": -0.09,
      "10": -0.1
    }
  },
  "Bloodstream": {
    "name": "Bloodstream",
    "property": "GreyHP/S+",
    "level": {
      "1": 0.3,
      "2": 0.6,
      "3": 0.9,
      "4": 1.2,
      "5": 1.5,
      "6": 1.8,
      "7": 2.1,
      "8": 2.4,
      "9": 2.7,
      "10": 3
    }
  },
  "Endurance": {
    "name": "Endurance",
    "property": "Stamina",
    "level": {
      "1": 3,
      "2": 6,
      "3": 9,
      "4": 12,
      "5": 15,
      "6": 18,
      "7": 21,
      "8": 24,
      "9": 27,
      "10": 30
    }
  },
  "Fortify": {
    "name": "Fortify",
    "property": "Armor%",
    "level": {
      "1": 0.05,
      "2": 0.1,
      "3": 0.15,
      "4": 0.2,
      "5": 0.25,
      "6": 0.3,
      "7": 0.35,
      "8": 0.4,
      "9": 0.45,
      "10": 0.5
    }
  },
  "Glutton": {
    "name": "Glutton",
    "property": "RelicSpeed",
    "level": {
      "1": -0.03,
      "2": -0.06,
      "3": -0.09,
      "4": -0.12,
      "5": -0.15,
      "6": -0.18,
      "7": -0.21,
      "8": -0.24,
      "9": -0.27,
      "10": -0.3
    }
  },
  "Recovery": {
    "name": "Recovery",
    "property": "Stamina/S+",
    "level": {
      "1": 3,
      "2": 6,
      "3": 9,
      "4": 12,
      "5": 15,
      "6": 18,
      "7": 21,
      "8": 24,
      "9": 27,
      "10": 30
    }
  },
  "Regrowth": {
    "name": "Regrowth",
    "property": "HP/S+",
    "level": {
      "1": 0.15,
      "2": 0.3,
      "3": 0.45,
      "4": 0.6,
      "5": 0.75,
      "6": 0.9,
      "7": 1.05,
      "8": 1.2,
      "9": 1.35,
      "10": 1.5
    }
  },
  "Siphoner": {
    "name": "Siphoner",
    "property": "Lifesteal",
    "level": {
      "1": 0.003,
      "2": 0.006,
      "3": 0.009000000000000001,
      "4": 0.012,
      "5": 0.015,
      "6": 0.018000000000000002,
      "7": 0.021,
      "8": 0.024,
      "9": 0.027000000000000003,
      "10": 0.03
    }
  },
  "Strong Back": {
    "name": "Strong Back",
    "property": "WeightThreshold",
    "level": {
      "1": 1.5,
      "2": 3,
      "3": 4.5,
      "4": 6,
      "5": 7.5,
      "6": 9,
      "7": 10.5,
      "8": 12,
      "9": 13.5,
      "10": 15
    }
  },
  "Triage": {
    "name": "Triage",
    "property": "HealingEFF",
    "level": {
      "1": 0.05,
      "2": 0.1,
      "3": 0.15,
      "4": 0.2,
      "5": 0.25,
      "6": 0.3,
      "7": 0.35,
      "8": 0.4,
      "9": 0.45,
      "10": 0.5
    }
  },
  "Vigor": {
    "name": "Vigor",
    "property": "Health",
    "level": {
      "1": 3,
      "2": 6,
      "3": 9,
      "4": 12,
      "5": 15,
      "6": 18,
      "7": 21,
      "8": 24,
      "9": 27,
      "10": 30
    }
  },
  "Dark Pact": {
    "name": "Dark Pact",
    "property": "GreyHP/S%",
    "level": {
      "1": -0.09,
      "2": -0.18,
      "3": -0.27,
      "4": -0.36,
      "5": -0.45,
      "6": -0.54,
      "7": -0.63,
      "8": -0.72,
      "9": -0.81,
      "10": -0.9
    }
  },
  "Expertise": {
    "name": "Expertise",
    "property": null,
    "level": {
      "1": null,
      "2": null,
      "3": null,
      "4": null,
      "5": null,
      "6": null,
      "7": null,
      "8": null,
      "9": null,
      "10": null
    }
  },
  "Spirit": {
    "name": "Spirit",
    "property": null,
    "level": {
      "1": null,
      "2": null,
      "3": null,
      "4": null,
      "5": null,
      "6": null,
      "7": null,
      "8": null,
      "9": null,
      "10": null
    }
  },
  "Ammo Reserves": {
    "name": "Ammo Reserves",
    "property": null,
    "level": {
      "1": null,
      "2": null,
      "3": null,
      "4": null,
      "5": null,
      "6": null,
      "7": null,
      "8": null,
      "9": null,
      "10": null
    }
  },
  "Kinship": {
    "name": "Kinship",
    "property": null,
    "level": {
      "1": null,
      "2": null,
      "3": null,
      "4": null,
      "5": null,
      "6": null,
      "7": null,
      "8": null,
      "9": null,
      "10": null
    }
  },
  "Swiftness": {
    "name": "Swiftness",
    "property": null,
    "level": {
      "1": null,
      "2": null,
      "3": null,
      "4": null,
      "5": null,
      "6": null,
      "7": null,
      "8": null,
      "9": null,
      "10": null
    }
  },
  "Longshot": {
    "name": "Longshot",
    "property": null,
    "level": {
      "1": null,
      "2": null,
      "3": null,
      "4": null,
      "5": null,
      "6": null,
      "7": null,
      "8": null,
      "9": null,
      "10": null
    }
  },
  "Potency": {
    "name": "Potency",
    "property": null,
    "level": {
      "1": null,
      "2": null,
      "3": null,
      "4": null,
      "5": null,
      "6": null,
      "7": null,
      "8": null,
      "9": null,
      "10": null
    }
  },
  "Untouchable": {
    "name": "Untouchable",
    "property": null,
    "level": {
      "1": null,
      "2": null,
      "3": null,
      "4": null,
      "5": null,
      "6": null,
      "7": null,
      "8": null,
      "9": null,
      "10": null
    }
  },
  "Flash Caster": {
    "name": "Flash Caster",
    "property": null,
    "level": {
      "1": null,
      "2": null,
      "3": null,
      "4": null,
      "5": null,
      "6": null,
      "7": null,
      "8": null,
      "9": null,
      "10": null
    }
  },
  "Amplitude": {
    "name": "Amplitude",
    "property": null,
    "level": {
      "1": null,
      "2": null,
      "3": null,
      "4": null,
      "5": null,
      "6": null,
      "7": null,
      "8": null,
      "9": null,
      "10": null
    }
  },
  "Arcane Strike": {
    "name": "Arcane Strike",
    "property": null,
    "level": {
      "1": null,
      "2": null,
      "3": null,
      "4": null,
      "5": null,
      "6": null,
      "7": null,
      "8": null,
      "9": null,
      "10": null
    }
  },
  "Fitness": {
    "name": "Fitness",
    "property": null,
    "level": {
      "1": null,
      "2": null,
      "3": null,
      "4": null,
      "5": null,
      "6": null,
      "7": null,
      "8": null,
      "9": null,
      "10": null
    }
  },
  "Footwork": {
    "name": "Footwork",
    "property": null,
    "level": {
      "1": null,
      "2": null,
      "3": null,
      "4": null,
      "5": null,
      "6": null,
      "7": null,
      "8": null,
      "9": null,
      "10": null
    }
  },
  "Handling": {
    "name": "Handling",
    "property": null,
    "level": {
      "1": null,
      "2": null,
      "3": null,
      "4": null,
      "5": null,
      "6": null,
      "7": null,
      "8": null,
      "9": null,
      "10": null
    }
  },
  "Resonance": {
    "name": "Resonance",
    "property": null,
    "level": {
      "1": null,
      "2": null,
      "3": null,
      "4": null,
      "5": null,
      "6": null,
      "7": null,
      "8": null,
      "9": null,
      "10": null
    }
  },
  "Revivalist": {
    "name": "Revivalist",
    "property": null,
    "level": {
      "1": null,
      "2": null,
      "3": null,
      "4": null,
      "5": null,
      "6": null,
      "7": null,
      "8": null,
      "9": null,
      "10": null
    }
  },
  "Rugged": {
    "name": "Rugged",
    "property": null,
    "level": {
      "1": null,
      "2": null,
      "3": null,
      "4": null,
      "5": null,
      "6": null,
      "7": null,
      "8": null,
      "9": null,
      "10": null
    }
  },
  "Scholar": {
    "name": "Scholar",
    "property": null,
    "level": {
      "1": null,
      "2": null,
      "3": null,
      "4": null,
      "5": null,